country,rank,area,landAreaKm,netChange,growthRate,worldPercentage,density,place,pop2000,pop2010,pop2022,pop2023,pop2030,pop2050
India,1,3287590.0,2973190.0,0.4184,0.0081,0.1785,480.5033,356,1059633675,1240613620,1417173173,1428627663,1514994080,1670490596
China,2,9706961.0,9424702.9,-0.0113,-0.0002,0.1781,151.2696,156,1264099069,1348191368,1425887337,1425671352,1415605906,1312636325
United States,3,9372610.0,9147420.0,0.0581,0.005,0.0425,37.1686,840,282398554,311182845,338289857,339996563,352162301,375391963
Indonesia,4,1904569.0,1877519.0,0.0727,0.0074,0.0347,147.8196,360,214072421,244016173,275501339,277534122,292150100,317225213
Pakistan,5,881912.0,770880.0,0.1495,0.0198,0.03,311.9625,586,154369924,194454498,235824862,240485658,274029836,367808468
Nigeria,6,923768.0,910770.0,0.168,0.0241,0.028,245.7312,566,122851984,160952853,218541212,223804632,262580426,377459883
Brazil,7,8515767.0,8358140.0,0.0393,0.0052,0.027,25.8936,76,175873720,196353492,215313498,216422446,223908968,230885725
Bangladesh,8,147570.0,130170.0,0.0557,0.0103,0.0216,1328.6803,50,129193327,148391139,171186372,172954319,184424144,203904900
Russia,9,17098242.0,16376870.0,-0.0158,-0.0019,0.018,8.82,643,146844839,143242599,144713314,144444359,141432741,133133035
Mexico,10,1964375.0,1943950.0,0.0299,0.0075,0.016,66.0797,484,97873442,112532401,127504125,128455567,134534107,143772364
Ethiopia,11,1104300.0,1128571.3,0.1008,0.0255,0.0158,112.1126,231,67031867,89237791,123379924,126527060,149296378,214812309
Japan,12,377930.0,364500.0,-0.0209,-0.0053,0.0154,338.2566,392,126803861,128105431,123951692,123294513,118514802,103784357
Philippines,13,342353.0,298170.0,0.0561,0.0154,0.0147,393.5251,608,77958223,94636700,115559009,117337368,129453321,157891622
Egypt,14,1002450.0,995450.0,0.0551,0.0156,0.0141,113.2318,818,71371371,87252413,110990103,112716598,125151725,160339889
DR Congo,15,2344858.0,2267050.0,0.105,0.0329,0.0128,45.1083,180,48616317,66391257,99010212,102262808,127582053,217494003
Vietnam,16,331212.0,313429.0,0.0208,0.0068,0.0123,315.411,704,79001142,87411012,98186856,98858950,102699905,107012939
Iran,17,1648195.0,1622500.0,0.0208,0.007,0.0111,54.9601,364,65544383,75373855,88550570,89172767,92921017,99007204
Turkey,18,783562.0,783562.0,0.0143,0.0056,0.0107,109.5206,792,64113547,73195345,85341241,85816199,88879698,95829258
Germany,19,357114.0,349390.0,-0.0012,-0.0009,0.0104,238.4002,276,81551677,81325090,83369843,83294633,82762675,78932228
Thailand,20,513120.0,510890.0,0.003,0.0015,0.009,140.5416,764,63066603,68270489,71697030,71801279,72060018,67880083
United Kingdom,21,242900.0,241930.0,0.0072,0.0034,0.0085,279.9851,826,58850043,62760039,67508936,67736802,69175770,71684966
Tanzania,22,945087.0,885800.0,0.0622,0.0296,0.0084,76.1324,834,34463704,45110527,65497748,67438106,81885304,129931520
France,23,551695.0,547557.0,0.004,0.002,0.0081,118.2646,250,58665453,62444567,64626628,64756584,65543452,65827072
South Africa,24,1221037.0,1213090.0,0.0173,0.0087,0.0075,49.8022,710,46813266,51784921,59893885,60414495,64659278,73529753
Italy,25,301336.0,295717.0,-0.0054,-0.0028,0.0074,199.078,380,56966397,59822450,59037474,58870762,57544258,52250484
Kenya,26,580367.0,569140.0,0.0346,0.0199,0.0069,96.8138,404,30851606,41517895,54027487,55100586,63103942,85211739
Myanmar,27,676578.0,652670.0,0.0125,0.0074,0.0068,83.6227,104,45538332,49390988,54179306,54577997,56987625,59929399
Colombia,28,1141748.0,1109500.0,0.008,0.0041,0.0065,46.9447,170,39215135,44816108,51874024,52085168,54129764,56987651
South Korea,29,100210.0,97600.0,-0.0012,-0.0006,0.0065,530.5744,410,46788591,48813042,51815810,51784059,51290214,45770874
Uganda,30,241550.0,200520.0,0.0423,0.0282,0.0061,242.2817,800,24020697,32341728,47249585,48582334,58380262,87622081
Sudan,31,1886068.0,1868000.0,0.0394,0.0263,0.006,25.7543,729,26298773,33739933,46874204,48109006,56997099,84494269
Spain,32,505992.0,499556.6,-0.0014,-0.0008,0.0059,95.1236,724,40741651,46572772,47558630,47519628,47076573,44219565
Argentina,33,2780400.0,2736690.0,0.0091,0.0058,0.0057,16.726,32,37070774,41100123,45510318,45773884,47678560,51621175
Algeria,34,2381741.0,2381741.0,0.0218,0.0157,0.0057,19.1484,12,30774621,35856344,44903225,45606480,49787283,60001113
Iraq,35,438317.0,434128.0,0.0322,0.0227,0.0057,104.8183,368,24628858,31264875,44496122,45504560,52800825,74515140
Afghanistan,36,652230.0,652230.0,0.0357,0.027,0.0053,64.7622,4,19542982,28189672,41128771,42239854,50330837,74075234
Poland,37,312679.0,306130.0,-0.0286,0.0293,0.0051,134.0152,616,38504431,38597353,39857145,41026067,38700518,34932339
Canada,38,9984670.0,8965590.0,0.0104,0.0085,0.0048,4.3256,124,30683313,33963412,38454327,38781291,41008596,45890819
Morocco,39,446550.0,446300.0,0.012,0.0102,0.0047,84.7861,504,28554415,32464865,37457971,37840044,40226395,45044990
Saudi Arabia,40,2149690.0,2149690.0,0.0169,0.0148,0.0046,17.1871,682,21547390,29411929,36408820,36947025,40461368,48374543
Ukraine,41,603500.0,579400.0,0.0428,-0.0745,0.0046,63.4184,804,48879755,45683020,39701739,36744634,38295429,32867719
Angola,42,1246700.0,1246700.0,0.0352,0.0308,0.0046,29.425,24,16394062,23364185,35588987,36684202,44911664,72328068
Uzbekistan,43,447400.0,440650.0,0.0166,0.0155,0.0044,79.8002,860,24925554,28614227,34627652,35163944,38313228,45593149
Yemen,44,527968.0,527970.0,0.024,0.0224,0.0043,65.2496,887,18628700,24743946,33696614,34449825,39923245,55296331
Peru,45,1285216.0,1280000.0,0.0105,0.0089,0.0043,26.8381,604,26654439,29229572,34049588,34352719,36702393,42022554
Malaysia,46,330803.0,328550.0,0.0116,0.0109,0.0043,104.4241,458,22945150,28717731,33938221,34308525,36687569,41032433
Ghana,47,238533.0,227533.0,0.0206,0.0193,0.0043,149.965,288,19665502,25574719,33475870,34121985,38775850,52231785
Mozambique,48,801590.0,786380.0,0.0302,0.0281,0.0042,43.1056,508,17768505,23073723,32969518,33897354,40920707,63044497
Nepal,49,147181.0,143350.0,0.011,0.0114,0.0039,215.5325,524,24559500,27161567,30547580,30896590,33133395,37401365
Madagascar,50,587041.0,581800.0,0.023,0.0241,0.0038,52.124,450,16216431,21731053,29611714,30325732,35604443,51592965
Ivory Coast,51,322463.0,318000.0,0.023,0.0253,0.0036,90.7957,384,16799670,21120042,28160542,28873034,34211272,51358243
Venezuela,52,916445.0,882050.0,0.0179,0.019,0.0036,32.6949,862,24427729,28715022,28301696,28838499,32027461,35937404
Cameroon,53,475442.0,472710.0,0.0235,0.0263,0.0036,60.6023,120,15091594,19878036,27914536,28647293,34051103,51279560
Niger,54,1267000.0,1266700.0,0.0321,0.038,0.0034,21.4754,562,11622665,16647543,26207977,27202843,35217942,67043296
Australia,55,7692024.0,7692020.0,0.0083,0.01,0.0033,3.4372,36,19017963,22019168,26177413,26439111,28202414,32192919
North Korea,56,120538.0,120410.0,0.0028,0.0035,0.0033,217.2645,408,23367059,24686435,26069416,26160821,26569401,25807197
Taiwan,57,36193.0,36197.0,0.0009,0.0013,0.003,660.9188,158,22194731,23083083,23893394,23923276,24027999,22445526
Mali,58,1240192.0,1220190.0,0.0225,0.031,0.0029,19.0902,466,11239101,15529181,22593590,23293698,28712294,47439802
Burkina Faso,59,272967.0,273600.0,0.0185,0.0255,0.0029,84.9835,854,11882888,16116845,22673762,23251485,27523563,40541548
Syria,60,185180.0,183630.0,0.0359,0.0498,0.0029,126.4881,760,16307654,22337563,22125249,23227014,29824735,38306374
Sri Lanka,61,65610.0,61860.0,0.0018,0.0028,0.0027,353.9214,144,18776371,20668557,21832143,21893579,22186970,21814985
Malawi,62,118484.0,94280.0,0.0169,0.0258,0.0026,222.0169,454,11229387,14718422,20405317,20931751,24944243,37159300
Zambia,63,752612.0,743390.0,0.0178,0.0276,0.0026,27.6702,894,9891136,13792086,20017675,20569737,24676417,37460435
Romania,64,238391.0,230080.0,-0.0103,0.0119,0.0025,86.4604,642,21919876,20335211,19659267,19892812,19023383,17457213
Chile,65,756102.0,743532.0,0.0009,0.0013,0.0025,26.4005,152,15351799,17004162,19603733,19629590,19933769,20675378
Kazakhstan,66,2724900.0,2699700.0,0.0067,0.0108,0.0024,7.2625,398,15236253,16627837,19397998,19606633,21128221,25609978
Chad,67,1284000.0,1259200.0,0.0178,0.0313,0.0023,14.516,148,8259137,11894727,17723315,18278568,22460393,36452035
Ecuador,68,276841.0,248360.0,0.006,0.0105,0.0023,73.2424,218,12626507,14989585,18001000,18190484,19486952,22269779
Somalia,69,637657.0,627340.0,0.0176,0.031,0.0023,28.9211,706,8721465,12026649,17597511,18143378,22316857,36462830
Guatemala,70,108889.0,107160.0,0.008,0.0139,0.0023,168.8319,320,11735894,14543121,17843908,18092026,20003638,24600727
Senegal,71,196722.0,192530.0,0.0144,0.0258,0.0022,92.2618,686,9704287,12530121,17316449,17763163,21125872,32562869
Netherlands,72,41850.0,33670.0,0.0017,0.0031,0.0022,523.264,528,15899135,16617117,17564014,17618299,17943803,17897025
Cambodia,73,181035.0,176520.0,0.0057,0.0106,0.0021,95.9938,116,12118841,14363532,16767842,16944826,18084248,20258435
Zimbabwe,74,390757.0,386850.0,0.0112,0.0211,0.0021,43.0798,716,11834676,12839771,16320537,16665409,19179393,26438589
Guinea,75,245857.0,245720.0,0.0106,0.0239,0.0018,57.7511,324,8336967,10270728,13859341,14190612,16622388,23711700
Rwanda,76,26338.0,24670.0,0.0101,0.0231,0.0018,571.3289,646,8109989,10309031,13776698,14094683,16375704,23030046
Benin,77,112622.0,112760.0,0.0115,0.027,0.0017,121.6107,204,6998023,9445710,13352864,13712828,16393827,25264035
Burundi,78,27834.0,25680.0,0.0111,0.0271,0.0017,515.5202,108,6307659,9126605,12889576,13238559,15800530,24208671
Tunisia,79,163610.0,155360.0,0.0035,0.0083,0.0016,80.1894,788,9893316,10895063,12356117,12458223,13100768,14315779
Bolivia,80,1098581.0,1083300.0,0.0057,0.0135,0.0015,11.436,68,8592656,10223270,12224110,12388571,13625507,16609854
Haiti,81,27750.0,27560.0,0.0045,0.0121,0.0015,425.4268,332,8360225,9842880,11584996,11724763,12700006,15087520
Belgium,82,30528.0,30280.0,0.0009,0.0026,0.0015,385.9359,56,10264343,10877947,11655930,11686140,11873460,12090657
Jordan,83,89342.0,88794.0,0.0014,0.0045,0.0014,127.6781,400,5056174,6931258,11285869,11337052,11933395,15005941
Dominican Republic,84,48671.0,48310.0,0.0032,0.0093,0.0014,234.5885,214,8540791,9775755,11228821,11332972,11982523,13180541
Cuba,85,109884.0,103800.0,-0.0006,-0.0016,0.0014,107.8463,192,11105791,11290417,11212191,11194449,11016041,10028085
South Sudan,86,619745.0,631930.0,0.0058,0.0161,0.0014,17.5475,728,6114440,9714419,10913164,11088796,12570402,17460846
Sweden,87,450295.0,407283.5,0.002,0.0059,0.0013,26.0558,752,8871043,9381729,10549347,10612086,11007228,11902033
Honduras,88,112492.0,111890.0,0.0053,0.0154,0.0013,94.6805,340,6656725,8450933,10432860,10593798,11724522,14258514
Czech Republic,89,78865.0,77198.5,0.0003,0.0001,0.0013,135.9521,203,10234710,10464749,10493986,10495295,10515199,10577126
Azerbaijan,90,86600.0,82646.0,0.0017,0.0053,0.0013,125.991,31,8190337,9237202,10358074,10412651,10711138,10867296
Greece,91,131990.0,128900.0,-0.0012,-0.0042,0.0013,80.2271,300,11038109,11033783,10384971,10341277,10059703,9144951
Papua New Guinea,92,462840.0,452860.0,0.0059,0.0185,0.0013,22.8104,598,5508297,7583269,10142619,10329931,11615322,14910369
Portugal,93,92090.0,91605.6,-0.0008,-0.0023,0.0013,111.8666,620,10300626,10588401,10270865,10247605,10062183,9261305
Hungary,94,93028.0,91260.0,-0.0057,0.019,0.0013,111.2891,348,10202055,9986825,9967308,10156239,9642912,8817396
Tajikistan,95,143100.0,138790.0,0.006,0.0192,0.0013,73.0855,762,6272998,7621779,9952787,10143543,11421430,15200989
United Arab Emirates,96,83600.0,71020.0,0.0024,0.008,0.0012,134.0027,784,3275333,8481771,9441129,9516871,10004319,11449471
Belarus,97,207600.0,202980.0,-0.0014,-0.0039,0.0012,46.794,112,10256483,9731427,9534954,9498238,9206170,8409632
Israel,98,20770.0,21640.0,0.0043,0.0151,0.0011,423.9612,376,6116958,7328445,9038309,9174520,10134951,12991790
Togo,99,56785.0,54390.0,0.0065,0.0232,0.0011,166.4607,768,5008035,6571855,8848699,9053799,10558178,15478883
Austria,100,83871.0,82520.0,0.0006,0.0022,0.0011,108.5671,40,8010428,8362829,8939617,8958960,9054576,8924190
Switzerland,101,41284.0,39516.0,0.0018,0.0064,0.0011,222.6103,756,7182059,7822435,8740472,8796669,9143698,9753753
Sierra Leone,102,71740.0,72180.0,0.0059,0.0215,0.0011,121.794,694,4584067,6436698,8605718,8791092,10105188,13595023
Laos,103,236800.0,230800.0,0.0033,0.0139,0.001,33.0753,418,5430853,6323418,7529475,7633779,8321287,9775552
Hong Kong,104,1104.0,1050.0,0.0002,0.0004,0.0009,7134.8657,344,6731195,7132438,7488865,7491609,7485887,6975391
Serbia,105,88361.0,87460.0,-0.002,-0.01,0.0009,81.7411,688,7935022,7653748,7221365,7149077,6832604,5777806
Nicaragua,106,130373.0,120340.0,0.0031,0.0141,0.0009,58.5533,558,5123222,5855734,6948392,7046310,7688686,9094641
Libya,107,1759540.0,1759540.0,0.0024,0.0112,0.0009,3.9149,434,5154790,6491988,6812341,6888388,7394813,8539976
Paraguay,108,406752.0,397300.0,0.0027,0.0119,0.0009,17.2704,600,5123819,5768613,6780744,6861524,7425448,8591486
Kyrgyzstan,109,199951.0,191800.0,0.0033,0.0158,0.0008,35.1165,417,4935182,5483774,6630623,6735347,7435378,9426858
Bulgaria,110,110879.0,108560.0,-0.0027,-0.0139,0.0008,61.6039,100,8097691,7592273,6781953,6687717,6290166,5187392
Turkmenistan,111,488100.0,469930.0,0.0026,0.0133,0.0008,13.8661,795,4569132,5267970,6430770,6516100,7034758,8263833
El Salvador,112,21041.0,20720.0,0.001,0.0045,0.0008,307.1884,222,5958482,6114034,6336392,6364943,6554224,6636854
Republic of the Congo,113,342000.0,341500.0,0.0043,0.0229,0.0008,17.8825,178,3134030,4437884,5970424,6106869,7114987,10378912
Singapore,114,710.0,718.0,0.0012,0.0065,0.0008,8377.0515,702,4053602,5163590,5975689,6014723,6251988,6337235
Denmark,115,43094.0,40000.0,0.0009,0.0049,0.0007,147.7728,208,5340655,5550849,5882261,5910913,6104474,6445109
Slovakia,116,49037.0,49035.0,-0.0033,0.0269,0.0007,118.1849,703,5376690,5396424,5643453,5795199,5555114,5186967
Central African Republic,117,622984.0,622980.0,0.0053,0.0292,0.0007,9.2175,140,3759170,4660067,5579144,5742315,7104274,11533423
Finland,118,338424.0,303940.0,0.0001,0.0009,0.0007,18.2453,246,5176209,5363271,5540745,5545475,5565475,5460917
Norway,119,323802.0,364285.0,0.0013,0.0074,0.0007,15.0277,578,4491202,4889741,5434319,5474360,5748397,6367559
Liberia,120,111369.0,96320.0,0.0037,0.0218,0.0007,56.2539,430,2895224,4019956,5302681,5418377,6282074,8890700
Palestine,121,6220.0,6020.0,0.0039,0.0231,0.0007,892.2309,275,3139954,3992278,5250072,5371230,6256949,8861747
Lebanon,122,10452.0,10230.0,-0.0045,-0.0247,0.0007,523.3558,422,4320642,4995800,5489739,5353930,4714240,4937579
New Zealand,123,270467.0,263310.0,0.0013,0.0083,0.0007,19.8553,554,3855266,4346338,5185288,5228100,5495670,5949002
Costa Rica,124,51100.0,51060.0,0.0011,0.006,0.0007,102.0794,188,3979193,4622252,5180829,5212173,5432243,5702525
Ireland,125,70273.0,68890.0,0.0011,0.0067,0.0006,73.4059,372,3768950,4524585,5023109,5056935,5266881,5724686
Mauritania,126,1030700.0,1030700.0,0.0041,0.0268,0.0006,4.7181,478,2695003,3419461,4736139,4862989,5830563,8914673
Oman,127,309500.0,309500.0,0.0022,0.0149,0.0006,15.0061,512,2344253,2881914,4576298,4644384,5093376,6328978
Panama,128,75417.0,74180.0,0.0019,0.0135,0.0006,60.233,591,3001731,3623617,4408581,4468087,4864126,5736121
Kuwait,129,17818.0,17820.0,0.0013,0.0097,0.0005,241.8691,414,1934901,2943356,4268873,4310108,4564570,5155414
Croatia,130,56594.0,55960.0,-0.0007,-0.0054,0.0005,71.6336,191,4548434,4368682,4030358,4008617,3850140,3333425
Eritrea,131,117600.0,121040.8,0.0021,0.0176,0.0005,30.9722,232,2392880,3147727,3684032,3748901,4283355,5964021
Georgia,132,69700.0,69490.0,-0.0005,-0.0043,0.0005,53.6521,268,4265172,3836831,3744385,3728282,3657494,3384660
Mongolia,133,1564110.0,1557506.8,0.0015,0.0144,0.0004,2.2133,496,2450979,2702520,3398366,3447157,3736327,4518856
Moldova,134,33846.0,32884.6,-0.0039,0.0498,0.0004,104.4845,498,4251573,3678186,3272996,3435931,3174727,2997532
Uruguay,135,181034.0,175020.0,0.0,0.0001,0.0004,19.5584,858,3292224,3352651,3422794,3423108,3423372,3337143
Puerto Rico,136,8870.0,8870.0,0.0003,0.0024,0.0004,367.5664,630,3827108,3717922,3252407,3260314,3259722,2727624
Bosnia and Herzegovina,137,51209.0,51200.0,-0.0006,-0.007,0.0004,62.7119,70,4179350,3811088,3233526,3210847,3111789,2739014
Albania,138,28748.0,27400.0,-0.0003,-0.0035,0.0004,103.3737,8,3182021,2913399,2842321,2832439,2789599,2456472
Jamaica,139,10991.0,10830.0,0.0,-0.0006,0.0004,260.8997,388,2612205,2733896,2827377,2825544,2804356,2493823
Armenia,140,29743.0,28470.0,0.0,-0.0009,0.0003,97.5753,51,3168523,2946293,2780469,2777970,2759528,2573465
Gambia,141,10689.0,10120.0,0.0022,0.0248,0.0003,274.0285,270,1437539,1937275,2705992,2773168,3263651,4673743
Lithuania,142,65300.0,62620.0,-0.0008,-0.0115,0.0003,43.4103,440,3599637,3139019,2750055,2718352,2558928,2187550
Qatar,143,11586.0,11490.0,0.0007,0.0079,0.0003,236.4135,634,645937,1713504,2695122,2716391,2855291,3358454
Botswana,144,582000.0,566730.0,0.0014,0.0171,0.0003,4.7207,72,1726985,2091664,2630296,2675352,2972271,3679340
Namibia,145,825615.0,823290.0,0.0012,0.0145,0.0003,3.1631,516,1819141,2099271,2567012,2604172,2910056,3779918
Gabon,146,267668.0,257670.0,0.0015,0.0199,0.0003,9.4561,266,1272935,1711105,2388992,2436566,2774523,3757053
Lesotho,147,30355.0,30360.0,0.0008,0.0106,0.0003,76.7562,426,1998630,2022747,2305825,2330318,2501946,2898369
Guinea-Bissau,148,36125.0,28120.0,0.0014,0.0215,0.0003,76.488,624,1230849,1567220,2105566,2150842,2484863,3445289
Slovenia,149,20273.0,20136.4,0.0,-0.0001,0.0003,105.2658,705,1984339,2057287,2119844,2119675,2105945,2003258
North Macedonia,150,25713.0,25220.0,-0.0002,-0.0038,0.0003,82.6994,807,2037936,2093828,2093599,2085679,2072256,1909309
Latvia,151,64559.0,62230.0,-0.0006,-0.011,0.0002,29.4104,428,2392530,2101530,1850651,1830211,1701338,1433728
Equatorial Guinea,152,28051.0,28050.0,0.0013,0.0237,0.0002,61.1291,226,684977,1094524,1674908,1714671,1999678,2790533
Trinidad and Tobago,153,5130.0,5130.0,0.0001,0.0025,0.0002,299.208,780,1332203,1410296,1531044,1534937,1547690,1485139
Bahrain,154,765.0,785.0,0.0004,0.009,0.0002,1892.3682,48,711442,1213645,1472233,1485509,1574679,1809237
Timor-Leste,155,14874.0,14870.0,0.0006,0.0144,0.0002,91.4994,626,878360,1088486,1341296,1360596,1495081,1806869
Estonia,156,45227.0,42750.0,-0.0001,-0.0025,0.0002,30.9419,233,1396877,1331535,1326062,1322765,1289441,1171695
Mauritius,157,2040.0,2030.0,0.0,0.0008,0.0002,640.6685,480,1215930,1283330,1299469,1300557,1305425,1226235
Cyprus,158,9251.0,9240.0,0.0003,0.0069,0.0002,136.3786,196,948237,1129686,1251488,1260138,1311784,1391785
Eswatini,159,17364.0,17200.0,0.0003,0.0076,0.0002,70.3966,748,1030496,1099920,1201670,1210822,1305985,1655121
Djibouti,160,23200.0,23180.0,0.0005,0.0139,0.0001,49.0274,262,742033,919199,1120849,1136455,1247129,1502575
Reunion,161,2511.0,2512.0,0.0002,0.008,0.0001,390.8424,638,785424,890130,974052,981796,1031822,1127252
Fiji,162,18272.0,18270.0,0.0002,0.0071,0.0001,51.2521,242,832509,905169,929766,936375,986172,1094174
Comoros,163,1862.0,1861.0,0.0005,0.0183,0.0001,457.8587,174,536758,656024,836774,852075,959412,1246207
Guyana,164,214969.0,196850.0,0.0002,0.0063,0.0001,4.1343,328,759051,747932,808726,813834,848033,878746
Bhutan,165,38394.0,38140.0,0.0002,0.0064,0.0001,20.6456,64,587207,705516,782455,787424,821498,874294
Solomon Islands,166,28896.0,27990.0,0.0005,0.0223,0.0001,26.4532,90,429978,540394,724273,740424,856264,1225407
Macau,167,32.9,32.9,0.0003,0.0129,0.0001,21402.7052,446,431896,557297,695168,704149,763371,881666
Luxembourg,168,2586.0,2574.5,0.0002,0.0111,0.0001,254.3282,442,435628,507070,647599,654768,697086,781910
Montenegro,169,13812.0,13450.0,0.0,-0.001,0.0001,46.5788,499,633324,631044,627082,626485,621696,586385
Suriname,170,163820.0,156000.0,0.0002,0.0084,0.0001,3.9951,740,478998,546080,618040,623236,659508,725519
Cape Verde,171,4033.0,4033.0,0.0002,0.0093,0.0001,148.4458,132,458251,521212,593149,598682,638840,727457
Western Sahara,172,266000.0,266000.0,0.0004,0.0196,0.0001,2.2077,732,270375,413296,575986,587259,662726,851067
Malta,173,316.0,320.0,0.0001,0.0033,0.0001,1672.075,470,399212,418755,533286,535064,543425,522737
Maldives,174,300.0,300.0,-0.0001,-0.0053,0.0001,1736.7367,462,282507,361575,523787,521021,512683,569909
Brunei,175,5765.0,5270.0,0.0001,0.0078,0.0001,85.8679,96,333926,396053,449002,452524,473312,498373
Bahamas,176,13943.0,10010.0,0.0001,0.0064,0.0001,41.2211,44,325014,373272,409984,412623,429846,450625
Belize,177,22966.0,22810.0,0.0002,0.0137,0.0001,18.0107,84,240406,322106,405272,410825,450428,538838
Guadeloupe,178,1628.0,1628.0,0.0,0.0002,0.0,243.1443,312,424067,403072,395752,395839,399728,388861
Iceland,179,103000.0,100830.0,0.0001,0.0065,0.0,3.7223,352,281462,318333,372899,375318,390338,408783
Martinique,180,1128.0,1128.0,0.0,-0.0014,0.0,325.3378,474,432543,392181,367507,366981,362472,330121
Mayotte,181,374.0,374.0,0.0003,0.0303,0.0,898.3824,175,159215,211786,326101,335995,407579,664141
Vanuatu,182,12189.0,12190.0,0.0002,0.0238,0.0,27.441,548,192074,245453,326740,334506,391135,578567
French Guiana,183,83534.0,83534.0,0.0002,0.0249,0.0,3.7369,254,164351,228453,304557,312155,366669,532459
French Polynesia,184,4167.0,3471.0,0.0001,0.0085,0.0,88.9865,258,250927,283788,306279,308872,324860,346933
New Caledonia,185,18575.0,18280.0,0.0001,0.0105,0.0,16.028,540,221537,261426,289950,292991,312529,353191
Barbados,186,430.0,430.0,0.0,0.0013,0.0,655.8023,52,264657,274711,281635,281995,283082,267788
Sao Tome and Principe,187,964.0,960.0,0.0001,0.0197,0.0,241.5167,678,143714,182138,227380,231856,265036,366663
Samoa,188,2842.0,2780.0,0.0001,0.0148,0.0,81.1802,882,184008,194672,222382,225681,248627,320016
Curacao,189,444.0,444.0,0.0,0.0048,0.0,432.6059,531,141424,159380,191163,192077,197829,204084
Saint Lucia,190,616.0,610.0,0.0,0.0022,0.0,295.4934,662,159500,170935,179857,180251,183274,177856
Guam,191,549.0,540.0,0.0,0.0069,0.0,320.2815,316,160188,164905,171774,172952,180746,195673
Kiribati,192,811.0,810.0,0.0001,0.0174,0.0,164.8333,296,88826,107995,131232,133515,148720,188570
Grenada,193,344.0,340.0,0.0,0.0059,0.0,371.1265,308,107432,114039,125438,126183,130367,136253
Micronesia,194,702.0,700.0,0.0,0.0093,0.0,164.6057,583,111709,107588,114164,115224,122704,135457
Jersey,195,116.0,120.0,0.0,0.0092,0.0,931.6833,832,86192,96151,110778,111802,119047,135441
Tonga,196,747.0,720.0,0.0,0.0086,0.0,149.6847,776,102603,107383,106858,107773,114124,131225
Seychelles,197,452.0,460.0,0.0,0.0051,0.0,234.0435,690,80060,92409,107118,107660,111317,116644
Aruba,198,180.0,180.0,0.0,-0.0016,0.0,590.4278,533,89101,100341,106445,106277,104924,94185
Saint Vincent and the Grenadines,199,389.0,390.0,0.0,-0.0024,0.0,265.8923,670,113813,109308,103948,103698,104322,101691
United States Virgin Islands,200,347.0,347.0,0.0,-0.0072,0.0,284.5821,850,108185,106142,99465,98750,93419,77519
Antigua and Barbuda,201,442.0,440.0,0.0,0.0057,0.0,214.3136,28,75055,85695,93763,94298,97510,99030
Isle of Man,202,572.0,570.0,0.0,0.0023,0.0,148.614,833,75562,83828,84519,84710,85798,86680
Andorra,203,468.0,470.0,0.0,0.0033,0.0,170.4,20,66097,71519,79824,80088,81528,80504
Dominica,204,751.0,750.0,0.0,0.0042,0.0,97.3867,212,68346,68755,72737,73040,74988,74167
Cayman Islands,205,264.0,240.0,0.0,0.0088,0.0,288.7917,136,39658,54074,68706,69310,72865,77633
Bermuda,206,54.0,54.0,0.0,-0.0018,0.0,1186.463,60,61371,63447,64184,64069,62806,56041
Guernsey,207,78.0,63.0,0.0,0.0038,0.0,1008.6349,831,59114,60782,63301,63544,65141,66496
Greenland,208,2166086.0,410450.0,0.0,0.0031,0.0,0.138,304,56184,56351,56466,56643,57152,53997
Faroe Islands,209,1393.0,1366.0,0.0,0.0034,0.0,38.9971,234,45660,48410,53090,53270,54583,59444
Northern Mariana Islands,210,464.0,460.0,0.0,0.0049,0.0,108.2522,580,80338,54087,49551,49796,51178,50050
Saint Kitts and Nevis,211,261.0,260.0,0.0,0.0021,0.0,183.6731,659,45461,47403,47657,47755,48247,46882
Turks and Caicos Islands,212,948.0,948.0,0.0,0.0079,0.0,48.5886,796,18744,29726,45703,46062,48538,52865
Sint Maarten,213,34.0,34.0,0.0,0.0011,0.0,1300.6471,534,30489,33034,44175,44222,44946,38947
American Samoa,214,199.0,200.0,0.0,-0.0081,0.0,219.57,16,58230,54849,44273,43914,41142,33557
Marshall Islands,215,181.0,180.0,0.0,0.0103,0.0,233.3111,584,54224,53416,41569,41996,44733,51211
Liechtenstein,216,160.0,160.0,0.0,0.0065,0.0,247.4,438,33026,35926,39327,39584,41030,42287
Monaco,217,2.02,2.0,0.0,-0.0047,0.0,18148.5,492,32465,33178,36469,36297,35862,37664
San Marino,218,61.0,60.0,,-0.0005,0.0,560.7,674,26823,31608,33660,33642,33458,32044
Gibraltar,219,6.8,6.8,0.0,0.0012,0.0,4807.0588,292,27741,31262,32649,32688,32771,31356
Saint Martin,220,53.0,50.0,0.0,0.009,0.0,641.54,663,29610,36458,31791,32077,33508,35453
British Virgin Islands,221,151.0,150.0,0.0,0.0074,0.0,210.2533,92,20104,27556,31305,31538,32995,34768
Palau,222,459.0,460.0,,0.0002,0.0,39.2565,585,19726,18540,18055,18058,17919,16689
Cook Islands,223,240.0,240.0,0.0,0.0019,0.0,71.0167,184,15897,17212,17011,17044,17253,17674
Anguilla,224,91.0,91.0,0.0,0.0026,0.0,174.7143,660,11047,13172,15857,15899,16055,15294
Nauru,225,21.0,20.0,0.0,0.0088,0.0,639.0,520,10377,10241,12668,12780,13358,14695
Wallis and Futuna,226,274.0,274.0,0.0,-0.006,0.0,41.9781,876,14723,13142,11572,11502,11229,11349
Tuvalu,227,26.0,30.0,0.0,0.0074,0.0,379.8667,798,9638,10550,11312,11396,11917,13211
Saint Barthelemy,228,21.0,25.0,,0.0025,0.0,439.76,652,7082,8988,10967,10994,11113,10210
Saint Pierre and Miquelon,229,242.0,242.0,,-0.0038,,24.1322,666,6274,6052,5862,5840,5651,5165
Montserrat,230,102.0,102.0,,-0.0009,,43.0,500,5138,4938,4390,4386,4301,3781
Falkland Islands,231,12173.0,12173.0,,0.0029,,0.3114,238,3080,3187,3780,3791,3869,3779
Niue,232,261.0,261.0,0.0,0.0005,,7.4138,570,2074,1812,1934,1935,1948,2096
Tokelau,233,12.0,10.0,,0.0118,,189.3,772,1666,1367,1871,1893,2046,2430
Vatican City,234,0.44,0.44,,0.0157,,1177.2727,336,651,596,510,518,561,731
